{
  "val": {
    "micro_f1": 0.8913740788903338,
    "macro_f1": 0.8823768831445147,
    "micro_roc_auc": 0.9818111528526171,
    "macro_roc_auc": 0.9787490531377285,
    "per_label": {
      "adhd": {
        "support": 1861,
        "f1": 0.9183,
        "roc_auc": 0.9880041058708442
      },
      "depression": {
        "support": 1181,
        "f1": 0.8537,
        "roc_auc": 0.9741936557354621
      },
      "ocd": {
        "support": 1269,
        "f1": 0.9259,
        "roc_auc": 0.987548040926624
      },
      "other": {
        "support": 676,
        "f1": 0.8394,
        "roc_auc": 0.9722399678832627
      },
      "ptsd": {
        "support": 889,
        "f1": 0.8746,
        "roc_auc": 0.9717594952724504
      }
    }
  },
  "test": {
    "micro_f1": 0.8931337119256583,
    "macro_f1": 0.882710625195706,
    "micro_roc_auc": 0.9828255886240372,
    "macro_roc_auc": 0.9800481451149597,
    "per_label": {
      "adhd": {
        "support": 1921,
        "f1": 0.9257,
        "roc_auc": 0.9895595829614235
      },
      "depression": {
        "support": 1190,
        "f1": 0.8597,
        "roc_auc": 0.976594792861962
      },
      "ocd": {
        "support": 1223,
        "f1": 0.9217,
        "roc_auc": 0.9834968002845775
      },
      "other": {
        "support": 727,
        "f1": 0.8251,
        "roc_auc": 0.9728818571519788
      },
      "ptsd": {
        "support": 869,
        "f1": 0.8813,
        "roc_auc": 0.977707692314857
      }
    }
  }
}